student_id,age,gender,is_first_gen_learner,response_time_decay_hrs,forum_passive_active_ratio,login_fragmentation_score,resource_depth_shift,collaborative_tool_drift_days,question_quality_level,peer_centrality_score,optional_activity_rate,submission_rush_hrs,silence_burst_count,help_seeking_latency_days,feedback_response_rate,device_count,monday_absence_cluster,tired_keyword_freq,whatsapp_study_silence,intervention_received,intervention_week,intervention_type,intervention_effectiveness,stress_type,dropout_risk
STU0001,15,M,1,4.8,4.51,0.19,0.25,3,3.83,0.66,0.65,19.25,0,2,0.87,2,0,0,0,0,0,none,0.0,none,0
STU0002,16,M,0,3.99,8.34,0.11,0.24,5,4.38,0.63,0.66,30.29,0,1,0.82,2,0,1,0,0,0,none,0.0,none,0
STU0003,16,F,0,8.63,4.66,0.2,0.12,0,4.16,0.72,0.75,6.4,0,0,0.96,2,0,0,1,0,0,none,0.0,none,0
STU0004,16,F,1,50.7,49.33,0.45999999999999996,0.62,10,2.1300000000000003,0.06,0.23,0.94,4,18,0.31,1,1,7,0,1,8,motivational_story,0.5883366230593143,academic_struggle,1
STU0005,16,F,0,11.14,2.5,0.23,0.24,2,4.34,0.8,0.45,26.02,0,1,0.98,1,0,1,1,0,0,none,0.0,none,0
STU0006,15,M,1,3.7,4.79,0.16,0.1,0,3.82,0.67,0.71,20.84,1,2,0.83,2,1,1,0,0,0,none,0.0,none,0
STU0007,15,M,0,4.54,5.3,0.14,0.1,2,4.15,0.72,0.65,18.7,0,1,0.78,2,0,1,0,0,0,none,0.0,none,0
STU0008,13,M,1,4.35,7.02,0.13,0.32,5,3.63,0.57,0.41,10.15,0,2,0.82,2,0,0,0,0,0,none,0.0,none,0
STU0009,17,M,1,62.15,40.68,0.8,0.98,17,1.99,0.15000000000000002,0.17,0.54,4,16,0.01,1,0,2,1,1,3,peer_buddy,0.5160767822239899,academic_struggle,1
STU0010,18,M,1,7.09,10.19,0.08,0.29,4,3.38,0.67,0.67,23.49,1,2,0.89,1,0,1,0,0,0,none,0.0,none,0
STU0011,15,M,0,8.55,7.39,0.25,0.14,0,3.69,0.77,0.89,27.68,1,2,0.81,2,0,1,0,0,0,none,0.0,none,0
STU0012,18,F,1,36.87,42.38,0.95,0.85,19,2.6999999999999997,0.1,0.13,0.85,2,14,0.26,2,1,4,1,1,7,voice_message,0.6477874547202939,home_financial_stress,1
STU0013,13,M,0,4.78,7.37,0.21,0.25,6,2.75,0.84,0.73,14.81,0,1,0.92,1,0,1,0,0,0,none,0.0,none,0
STU0014,14,F,1,33.63,59.65,0.85,0.73,19,2.14,0.23,0.13,2.26,3,10,0.13,1,1,1,0,1,2,voice_message,0.4984808937801448,home_financial_stress,1
STU0015,14,M,1,7.42,6.15,0.26,0.24,1,4.7,0.76,0.63,22.3,1,1,0.94,2,0,2,0,0,0,none,0.0,none,0
STU0016,16,F,0,3.65,4.48,0.06,0.24,0,3.02,0.4,0.71,20.8,0,1,0.76,2,0,1,1,0,0,none,0.0,none,0
STU0017,15,M,0,51.12,30.96,0.66,0.63,18,1.0,0.05,0.1,0.64,3,16,0.1,1,1,5,0,0,0,none,0.0,academic_struggle,1
STU0018,12,F,1,56.1,28.77,0.64,0.82,20,1.64,0.3,0.07,0.97,3,10,0.1,1,1,6,1,1,6,counsellor,0.6350504247989854,academic_struggle,1
STU0019,14,F,0,8.65,5.1,0.16,0.22,2,3.95,0.9,0.69,19.13,0,2,0.84,2,0,0,0,0,0,none,0.0,none,0
STU0020,17,M,1,4.93,8.36,0.15,0.2,3,3.6,0.49,0.76,21.51,1,1,0.95,1,0,0,0,0,0,none,0.0,none,0
STU0021,17,F,0,6.0,7.56,0.14,0.14,5,2.92,0.6,0.72,22.89,0,2,0.91,2,0,1,1,0,0,none,0.0,none,0
STU0022,16,F,0,3.3,4.07,0.29,0.28,4,4.86,0.54,0.76,21.0,1,1,0.82,1,0,1,0,0,0,none,0.0,none,0
STU0023,16,M,1,7.2,10.98,0.18,0.17,3,4.86,0.47,0.48,17.3,0,1,0.89,2,0,0,0,0,0,none,0.0,none,0
STU0024,15,F,1,10.17,7.27,0.33,0.09,3,2.71,0.62,0.69,27.01,1,2,0.91,2,0,2,0,0,0,none,0.0,none,0
STU0025,17,M,1,8.62,5.37,0.15,0.23,4,3.82,0.78,0.89,14.67,0,1,0.87,1,0,1,0,0,0,none,0.0,none,0
STU0026,17,M,0,4.03,7.71,0.11,0.27,3,4.44,0.51,0.61,26.78,0,2,0.74,2,0,1,0,0,0,none,0.0,none,0
STU0027,18,M,0,1.78,5.12,0.21,0.34,1,4.78,0.82,0.64,19.78,0,1,0.85,2,0,1,1,0,0,none,0.0,none,0
STU0028,16,M,1,42.33,20.21,0.6699999999999999,0.69,19,2.5,0.03,0.0,1.21,5,20,0.05,2,1,5,1,1,3,peer_buddy,0.6734689543219946,academic_struggle,1
STU0029,13,F,0,3.19,5.64,0.13,0.17,4,4.28,0.54,0.66,30.59,1,3,0.94,2,0,1,0,0,0,none,0.0,none,0
STU0030,13,M,0,28.99,47.6,0.9299999999999999,0.84,13,2.18,0.25,0.04,3.0,4,11,0.15,1,1,5,0,0,0,none,0.0,home_financial_stress,1
STU0031,18,F,0,8.54,7.03,0.16,0.26,1,4.84,0.51,0.75,15.24,1,1,0.72,1,0,1,0,0,0,none,0.0,none,0
STU0032,16,M,1,5.01,7.21,0.16,0.19,3,3.2,0.74,0.66,20.17,0,0,0.83,2,0,2,0,0,0,none,0.0,none,0
STU0033,15,F,1,4.11,6.58,0.17,0.19,0,3.82,0.77,0.64,22.42,0,2,0.83,2,0,0,0,0,0,none,0.0,none,0
STU0034,12,M,0,46.62,45.05,0.94,0.68,16,1.96,0.2,0.19,1.9,2,16,0.32,2,1,6,1,1,7,parent_call,0.23056300340459865,home_financial_stress,1
STU0035,13,F,0,5.35,5.26,0.14,0.23,5,4.11,0.77,0.55,23.26,0,0,0.79,1,0,1,0,0,0,none,0.0,none,0
STU0036,15,F,0,8.53,6.05,0.31,0.08,1,2.5,0.57,0.74,22.82,1,0,0.91,1,0,1,1,0,0,none,0.0,none,0
STU0037,17,M,0,6.06,4.4,0.25,0.24,5,5.0,0.57,0.82,14.39,1,1,0.77,2,0,1,0,0,0,none,0.0,none,0
STU0038,14,F,0,7.44,4.25,0.18,0.12,4,3.33,0.72,0.68,21.08,1,1,0.87,1,0,2,0,0,0,none,0.0,none,0
STU0039,18,F,1,11.6,3.68,0.33,0.17,3,3.95,0.57,0.84,23.01,0,0,0.78,1,1,0,1,0,0,none,0.0,none,0
STU0040,15,M,0,8.25,2.0,0.2,0.03,3,5.31,0.69,0.62,21.75,1,2,0.74,2,0,1,0,0,0,none,0.0,none,0
STU0041,14,M,0,10.05,4.69,0.14,0.21,4,3.89,0.79,0.78,6.0,0,1,0.89,2,0,0,1,0,0,none,0.0,none,0
STU0042,16,M,0,6.22,5.58,0.12,0.21,3,3.01,0.69,0.7,6.74,0,1,1.0,1,0,1,0,0,0,none,0.0,none,0
STU0043,16,M,1,7.55,4.04,0.09,0.21,3,4.5,0.64,0.74,9.01,1,1,0.91,2,1,0,0,0,0,none,0.0,none,0
STU0044,13,M,0,7.98,4.39,0.22,0.18,5,3.3,0.73,0.69,20.73,0,1,0.85,2,0,1,0,0,0,none,0.0,none,0
STU0045,16,F,1,42.76,38.9,0.84,0.76,17,3.0,0.29000000000000004,0.09,2.2,3,17,0.18,2,0,4,1,1,5,counsellor,0.6247716925810277,home_financial_stress,1
STU0046,15,M,0,52.72,48.95,0.66,0.9,15,2.16,0.12000000000000001,0.2,0.81,5,13,0.1,1,0,3,1,1,4,parent_call,0.417965269180568,academic_struggle,1
STU0047,15,M,1,30.74,49.19,0.78,0.99,23,1.98,0.35,0.1,2.35,4,9,0.1,2,1,6,1,0,0,none,0.0,home_financial_stress,1
STU0048,13,M,0,70.63,41.75,0.63,0.79,8,1.49,0.09999999999999999,0.22,1.31,4,12,0.06,1,1,6,1,0,0,none,0.0,academic_struggle,1
STU0049,12,F,0,10.56,4.1,0.34,0.27,3,4.91,0.52,0.62,17.13,0,1,0.95,1,0,1,0,0,0,none,0.0,none,0
STU0050,13,F,1,30.25,41.83,0.85,0.86,19,1.71,0.35,0.09,1.47,3,10,0.08,1,1,4,0,1,5,motivational_story,0.7211708480142344,home_financial_stress,1
STU0051,12,F,1,4.35,6.63,0.13,0.21,5,4.47,0.6,0.75,20.07,1,1,0.84,2,0,1,1,0,0,none,0.0,none,0
STU0052,14,M,1,60.45,34.9,0.57,0.7,16,1.69,0.15999999999999998,0.05,2.37,5,14,0.3,1,1,3,1,1,7,motivational_story,0.34303452966885833,academic_struggle,1
STU0053,14,F,0,2.3,7.1,0.25,0.14,4,4.21,0.59,0.6,6.3,1,0,0.86,2,0,1,1,0,0,none,0.0,none,0
STU0054,14,M,1,5.16,3.19,0.19,0.29,4,5.12,0.61,0.88,20.45,1,1,0.91,2,0,2,0,0,0,none,0.0,none,0
STU0055,14,F,1,3.1,4.41,0.21,0.01,6,4.35,0.8,0.53,31.96,2,0,0.91,2,0,1,0,0,0,none,0.0,none,0
STU0056,18,M,1,28.05,50.33,0.96,0.69,16,1.65,0.23,0.08,2.28,5,18,0.11,1,0,4,1,1,8,counsellor,0.3246561807779049,home_financial_stress,1
STU0057,14,M,1,75.83,43.93,0.62,0.77,19,1.42,0.15999999999999998,0.15,0.71,2,5,0.19,1,1,3,1,1,5,motivational_story,0.3347109407047517,academic_struggle,1
STU0058,12,F,1,47.65,51.26,0.84,0.62,24,1.75,0.2,0.07,2.87,2,21,0.23,1,0,5,1,1,6,parent_call,0.3770105999383714,home_financial_stress,1
STU0059,18,F,0,5.75,3.1,0.13,0.12,3,4.06,0.56,0.74,17.63,0,3,0.96,2,0,0,0,0,0,none,0.0,none,0
STU0060,12,F,1,64.4,56.45,0.83,0.86,20,3.4,0.33999999999999997,0.09,0.54,2,13,0.09,1,1,2,1,0,0,none,0.0,home_financial_stress,1
STU0061,17,F,0,4.09,3.62,0.15,0.19,2,2.5,0.76,0.87,27.21,0,1,0.85,1,0,1,0,0,0,none,0.0,none,0
STU0062,18,M,1,6.13,7.91,0.16,0.2,3,4.55,0.72,0.69,22.51,0,0,0.87,2,0,2,0,0,0,none,0.0,none,0
STU0063,13,M,1,2.65,5.63,0.22,0.2,5,2.5,0.67,0.5,28.08,0,2,0.78,2,0,1,1,0,0,none,0.0,none,0
STU0064,14,F,0,1.78,5.9,0.34,0.3,3,4.76,0.61,0.52,14.6,1,1,0.83,1,0,1,0,0,0,none,0.0,none,0
STU0065,14,M,0,4.75,5.87,0.23,0.22,5,2.5,0.36,0.66,30.78,0,0,0.9,1,0,1,0,0,0,none,0.0,none,0
STU0066,14,M,1,8.9,6.99,0.17,0.26,3,3.13,0.6,0.73,29.28,0,1,0.85,2,0,1,0,0,0,none,0.0,none,0
STU0067,12,F,0,72.12,38.23,0.52,0.66,14,1.48,0.24,0.07,1.72,3,17,0.35,2,1,3,1,0,0,none,0.0,academic_struggle,1
STU0068,15,F,1,53.09,45.23,0.5399999999999999,0.8,29,2.3600000000000003,0.13,0.1,1.62,4,8,0.13,2,0,2,0,0,0,none,0.0,academic_struggle,1
STU0069,17,F,1,4.82,6.36,0.3,0.25,2,5.99,0.68,0.87,20.79,1,2,0.95,2,0,1,1,0,0,none,0.0,none,0
STU0070,17,M,1,3.05,8.24,0.39,0.22,2,2.76,0.68,0.85,25.8,0,1,0.76,1,0,1,0,0,0,none,0.0,none,0
STU0071,17,F,0,7.51,6.58,0.16,0.16,1,5.43,0.65,0.69,14.57,2,1,0.82,2,0,1,0,0,0,none,0.0,none,0
STU0072,16,M,1,5.19,2.33,0.17,0.26,3,3.8,0.77,0.63,9.66,0,1,0.77,2,0,1,0,0,0,none,0.0,none,0
STU0073,17,M,0,5.85,5.68,0.23,0.32,4,3.14,0.82,0.76,27.5,1,1,0.85,2,0,1,1,0,0,none,0.0,none,0
STU0074,15,M,1,2.55,2.0,0.14,0.28,4,3.82,0.65,0.64,23.64,1,0,0.87,1,1,1,1,0,0,none,0.0,none,0
STU0075,12,M,1,39.4,21.33,0.59,0.79,26,1.82,0.020000000000000004,0.19,2.72,4,11,0.07,1,0,4,0,1,9,counsellor,0.4568748619704186,academic_struggle,1
STU0076,17,F,0,4.73,5.39,0.28,0.17,1,4.59,0.63,0.72,34.86,0,2,0.76,2,0,1,0,0,0,none,0.0,none,0
STU0077,16,M,0,3.55,6.64,0.01,0.31,4,2.8,0.47,0.92,16.1,0,0,0.82,2,0,1,0,0,0,none,0.0,none,0
STU0078,18,F,1,34.67,57.52,0.94,0.93,22,1.6400000000000001,0.21000000000000002,0.12,0.28,4,11,0.12,1,0,5,1,1,5,peer_buddy,0.7644263311486039,home_financial_stress,1
STU0079,14,F,0,6.24,2.0,0.24,0.12,1,2.65,0.43,0.56,16.33,1,1,0.86,1,0,1,0,0,0,none,0.0,none,0
STU0080,13,M,0,6.05,9.8,0.28,0.33,4,4.93,0.56,0.64,6.0,1,3,0.81,2,0,1,0,0,0,none,0.0,none,0
STU0081,14,M,1,5.83,8.37,0.23,0.2,2,3.49,0.55,0.66,28.05,0,0,0.99,1,0,1,0,0,0,none,0.0,none,0
STU0082,16,F,0,6.87,2.01,0.11,0.27,3,3.58,0.49,0.59,6.0,0,1,0.77,1,0,1,0,0,0,none,0.0,none,0
STU0083,14,F,1,44.77,47.18,0.75,0.81,26,1.0,0.0,0.1,1.88,3,5,0.14,2,0,2,1,1,10,counsellor,0.41496725488300384,academic_struggle,1
STU0084,14,M,1,8.28,2.51,0.15,0.33,5,4.75,0.63,0.73,20.95,1,1,0.79,1,0,1,0,0,0,none,0.0,none,0
STU0085,15,F,1,69.3,28.06,0.69,0.9,15,2.2,0.08,0.11,1.76,3,15,0.21,1,1,2,1,1,7,voice_message,0.6829340242878152,academic_struggle,1
STU0086,16,F,1,35.07,32.85,0.9199999999999999,0.73,19,2.22,0.2,0.21,2.13,2,13,0.1,1,1,5,1,1,4,counsellor,0.5007479261567299,home_financial_stress,1
STU0087,16,F,0,5.41,7.02,0.3,0.21,2,3.21,0.48,0.8,26.62,1,1,0.96,1,0,1,1,0,0,none,0.0,none,0
STU0088,15,F,1,67.03,27.62,1.0,0.6,17,2.4899999999999998,0.27,0.07,1.29,3,10,0.22,1,1,5,1,1,5,voice_message,0.5807090404739346,home_financial_stress,1
STU0089,15,M,0,47.14,50.04,0.64,0.74,20,2.27,0.09999999999999999,0.18,0.0,4,12,0.13,2,1,4,1,1,6,voice_message,0.3537431085399107,academic_struggle,1
STU0090,18,M,1,0.5,3.68,0.18,0.18,1,4.31,0.68,0.7,15.95,1,3,0.81,1,0,0,0,0,0,none,0.0,none,0
STU0091,15,M,1,9.21,7.21,0.38,0.08,5,4.92,0.53,0.84,24.69,0,1,0.79,1,0,2,0,0,0,none,0.0,none,0
STU0092,17,F,0,57.88,40.73,0.72,0.67,16,3.03,0.23,0.02,1.25,3,5,0.15,2,1,4,1,1,10,parent_call,0.3396206364813419,home_financial_stress,1
STU0093,17,F,0,8.66,6.57,0.19,0.25,5,3.82,0.66,0.74,41.14,0,2,0.84,1,0,1,0,0,0,none,0.0,none,0
STU0094,18,F,0,11.09,9.79,0.21,0.28,3,2.93,0.6,0.74,18.36,0,1,0.84,1,0,1,0,0,0,none,0.0,none,0
STU0095,16,F,1,59.11,59.09,0.45999999999999996,0.86,15,1.26,0.05,0.06,1.55,3,13,0.15,2,1,4,1,1,3,counsellor,0.4892436337958402,academic_struggle,1
STU0096,17,M,0,10.91,5.63,0.2,0.16,5,5.57,0.7,0.73,22.29,0,2,0.86,1,0,1,0,0,0,none,0.0,none,0
STU0097,15,F,1,3.02,3.97,0.09,0.07,1,4.13,0.54,0.78,22.28,0,2,0.91,2,0,0,0,0,0,none,0.0,none,0
STU0098,16,M,1,5.67,4.21,0.27,0.17,0,3.7,0.53,0.52,12.1,1,3,0.88,1,0,0,0,0,0,none,0.0,none,0
STU0099,15,M,0,4.27,7.76,0.2,0.23,2,3.53,0.59,0.82,35.42,0,2,0.68,1,0,0,0,0,0,none,0.0,none,0
STU0100,18,M,1,2.74,4.26,0.21,0.29,3,3.81,0.6,0.66,24.36,0,3,0.8,2,0,1,0,0,0,none,0.0,none,0
STU0101,13,F,0,5.57,6.68,0.28,0.27,1,4.66,0.64,0.73,22.59,0,2,0.84,1,0,0,0,0,0,none,0.0,none,0
STU0102,15,F,1,6.56,7.84,0.28,0.15,2,3.17,0.73,0.89,19.48,0,3,0.89,2,0,1,0,0,0,none,0.0,none,0
STU0103,14,F,0,3.53,3.56,0.15,0.19,1,3.99,0.45,0.59,27.37,1,1,0.77,2,0,0,0,0,0,none,0.0,none,0
STU0104,16,F,1,37.84,24.85,0.5599999999999999,0.89,19,1.0,0.11,0.12,0.62,4,12,0.06,2,1,5,1,0,0,none,0.0,academic_struggle,1
STU0105,13,F,1,5.16,7.01,0.24,0.05,3,2.89,0.76,0.81,14.82,0,1,0.67,2,0,1,0,0,0,none,0.0,none,0
STU0106,17,F,0,9.42,4.33,0.2,0.24,3,4.88,0.71,0.62,39.43,1,1,0.93,2,0,1,0,0,0,none,0.0,none,0
STU0107,18,M,1,6.78,5.26,0.21,0.06,4,3.18,0.49,0.54,30.9,0,3,0.81,2,0,0,0,0,0,none,0.0,none,0
STU0108,17,F,0,7.26,6.55,0.2,0.07,5,3.51,0.71,0.53,12.56,1,1,0.97,1,0,1,0,0,0,none,0.0,none,0
STU0109,16,M,1,10.6,3.31,0.13,0.31,5,3.71,0.75,0.76,34.0,1,2,1.0,1,0,1,0,0,0,none,0.0,none,0
STU0110,17,F,1,53.18,48.0,0.6799999999999999,0.92,22,1.68,0.19,0.1,0.62,3,9,0.1,2,1,4,1,0,0,none,0.0,academic_struggle,1
STU0111,17,F,1,5.93,6.64,0.2,0.13,4,4.18,0.65,0.6,32.43,1,1,0.93,1,0,1,0,0,0,none,0.0,none,0
STU0112,13,M,1,32.6,49.96,0.5499999999999999,0.64,16,2.25,0.16999999999999998,0.08,1.15,3,20,0.18,1,1,5,1,0,0,none,0.0,academic_struggle,1
STU0113,13,M,0,13.49,6.09,0.15,0.43,1,4.02,0.67,0.88,24.88,0,1,0.82,2,0,0,0,0,0,none,0.0,none,0
STU0114,13,F,0,1.67,2.0,0.16,0.1,2,3.88,0.6,0.89,24.61,1,2,0.76,2,0,1,1,0,0,none,0.0,none,0
STU0115,13,F,1,6.64,8.05,0.29,0.15,2,4.06,0.75,0.74,9.38,0,1,0.84,2,0,2,0,0,0,none,0.0,none,0
STU0116,13,M,0,6.37,9.91,0.16,0.12,5,5.57,0.65,0.84,32.73,0,1,0.95,1,0,2,0,0,0,none,0.0,none,0
STU0117,17,F,0,1.37,4.92,0.23,0.27,2,2.5,0.71,0.57,6.0,0,2,0.86,2,0,1,0,0,0,none,0.0,none,0
STU0118,13,M,1,6.43,6.05,0.17,0.33,2,5.23,0.71,0.55,24.94,0,2,0.92,2,0,1,0,0,0,none,0.0,none,0
STU0119,16,F,1,40.28,49.28,0.86,0.83,26,2.4499999999999997,0.29000000000000004,0.15,1.14,3,8,0.0,2,1,7,1,1,6,voice_message,0.4421791634278317,home_financial_stress,1
STU0120,13,F,1,7.8,3.58,0.26,0.13,2,4.42,0.57,0.72,19.48,1,0,0.7,1,0,1,0,0,0,none,0.0,none,0
STU0121,15,F,0,11.97,6.79,0.33,0.15,2,4.03,0.7,0.67,26.3,1,1,0.89,1,0,1,0,0,0,none,0.0,none,0
STU0122,17,F,1,6.56,6.85,0.22,0.3,2,3.46,0.56,0.82,29.2,1,2,0.76,1,0,2,0,0,0,none,0.0,none,0
STU0123,16,F,0,43.02,46.33,0.8,0.82,19,1.27,0.03,0.14,0.64,4,10,0.19,2,0,5,1,0,0,none,0.0,academic_struggle,1
STU0124,15,M,0,62.25,65.9,0.66,0.83,19,1.32,0.13,0.09,1.67,5,8,0.24,1,1,6,1,0,0,none,0.0,academic_struggle,1
STU0125,17,F,0,3.89,2.92,0.19,0.16,3,3.71,0.41,0.67,19.56,1,1,0.98,2,0,0,0,0,0,none,0.0,none,0
STU0126,12,M,0,5.57,8.19,0.02,0.32,5,3.63,0.72,0.72,31.84,1,0,0.9,1,1,1,0,0,0,none,0.0,none,0
STU0127,16,F,1,38.95,39.36,0.88,0.83,20,3.01,0.29000000000000004,0.09,2.46,5,7,0.2,1,1,5,1,0,0,none,0.0,home_financial_stress,1
STU0128,12,M,0,4.03,5.9,0.26,0.45,4,3.32,0.6,0.67,7.63,0,2,0.75,1,0,1,0,0,0,none,0.0,none,0
STU0129,12,M,1,5.07,2.9,0.22,0.2,4,4.07,0.63,0.62,22.58,1,1,0.86,1,0,1,0,0,0,none,0.0,none,0
STU0130,18,F,1,6.14,4.87,0.08,0.3,2,2.99,0.63,0.73,8.03,1,1,0.99,2,0,1,0,0,0,none,0.0,none,0
STU0131,17,F,1,53.96,38.62,0.66,0.95,17,1.38,0.23000000000000004,0.14,1.03,4,10,0.11,1,0,5,1,0,0,none,0.0,academic_struggle,1
STU0132,13,M,0,10.41,4.6,0.12,0.25,2,3.24,0.48,0.66,21.34,1,2,0.89,2,0,1,0,0,0,none,0.0,none,0
STU0133,18,F,0,5.6,6.67,0.31,0.29,1,4.5,0.81,0.77,30.73,2,2,0.87,1,0,1,1,0,0,none,0.0,none,0
STU0134,12,F,1,1.24,2.24,0.35,0.23,2,4.43,0.35,0.72,24.62,1,1,0.86,2,0,0,0,0,0,none,0.0,none,0
STU0135,16,F,0,7.06,4.86,0.05,0.22,0,3.95,0.49,0.96,29.29,1,3,0.78,2,0,1,1,0,0,none,0.0,none,0
STU0136,12,F,1,2.82,4.57,0.1,0.28,0,4.92,0.82,0.68,6.0,0,1,0.77,2,1,1,0,0,0,none,0.0,none,0
STU0137,14,M,0,42.1,48.07,0.75,0.85,21,2.73,0.47,0.12,0.99,3,5,0.09,1,1,4,1,1,10,voice_message,0.3375911602065408,home_financial_stress,1
STU0138,16,F,1,55.47,29.32,0.59,0.81,21,1.86,0.009999999999999995,0.02,2.78,4,9,0.27,1,1,4,0,0,0,none,0.0,academic_struggle,1
STU0139,16,F,0,2.54,7.51,0.22,0.24,2,2.67,0.71,0.47,19.46,1,2,1.0,2,0,1,0,0,0,none,0.0,none,0
STU0140,16,F,1,12.97,5.97,0.24,0.21,2,2.54,0.57,0.55,35.63,0,1,0.92,1,0,0,1,0,0,none,0.0,none,0
STU0141,17,F,1,7.83,2.89,0.22,0.21,3,4.83,0.69,0.9,14.05,1,2,0.76,2,0,1,0,0,0,none,0.0,none,0
STU0142,13,F,1,58.8,43.07,0.6799999999999999,0.86,14,1.22,0.15999999999999998,0.13,1.48,4,17,0.1,2,1,5,0,0,0,none,0.0,academic_struggle,1
STU0143,18,F,0,8.19,4.7,0.03,0.19,3,3.68,0.64,0.75,20.8,0,2,0.69,2,0,0,0,0,0,none,0.0,none,0
STU0144,14,M,1,5.13,5.77,0.21,0.26,2,4.11,0.64,0.61,21.09,0,1,0.85,1,0,1,1,0,0,none,0.0,none,0
STU0145,14,F,1,58.85,20.0,0.5,0.86,28,1.51,0.039999999999999994,0.09,2.87,3,9,0.11,2,1,3,1,1,5,counsellor,0.5922670315994795,academic_struggle,1
STU0146,15,F,1,6.72,6.17,0.26,0.27,1,4.7,0.51,0.79,26.96,0,2,0.81,2,0,0,0,0,0,none,0.0,none,0
STU0147,18,M,1,4.23,5.74,0.21,0.08,2,5.08,0.76,0.71,23.94,0,3,0.83,2,0,1,0,0,0,none,0.0,none,0
STU0148,16,F,0,2.37,9.18,0.27,0.28,3,2.62,0.88,0.71,16.01,1,2,0.85,2,0,1,1,0,0,none,0.0,none,0
STU0149,17,F,0,7.55,6.05,0.18,0.19,0,4.17,0.59,0.91,22.15,0,1,0.77,2,0,1,0,0,0,none,0.0,none,0
STU0150,12,F,0,9.26,7.38,0.22,0.12,3,3.57,0.61,0.68,14.16,0,1,0.87,1,0,0,0,0,0,none,0.0,none,0
STU0151,13,M,0,7.37,5.08,0.14,0.11,0,3.69,0.67,0.71,18.67,0,2,0.74,2,0,1,1,0,0,none,0.0,none,0
STU0152,12,M,0,7.46,9.61,0.18,0.26,1,3.23,0.71,0.9,24.84,0,1,0.75,2,0,1,1,0,0,none,0.0,none,0
STU0153,14,M,0,36.3,47.87,0.72,0.72,23,1.7099999999999997,0.16999999999999998,0.19,1.25,3,8,0.08,2,1,4,1,1,3,motivational_story,0.5841151974816644,academic_struggle,1
STU0154,13,F,1,46.92,54.4,0.78,0.98,18,1.5,0.26,0.07,2.34,3,10,0.0,1,1,4,1,1,10,counsellor,0.10561206733710429,home_financial_stress,1
STU0155,14,F,0,2.43,7.36,0.13,0.11,2,3.53,0.62,0.55,29.67,1,0,0.93,2,0,0,0,0,0,none,0.0,none,0
STU0156,13,M,0,4.22,7.95,0.2,0.25,0,4.36,0.57,0.92,26.98,1,2,0.77,1,0,2,0,0,0,none,0.0,none,0
STU0157,16,M,1,7.6,6.33,0.09,0.16,4,3.16,0.35,0.69,20.87,1,2,0.9,1,0,1,0,0,0,none,0.0,none,0
STU0158,17,M,1,55.62,51.1,0.64,0.78,21,2.45,0.09000000000000001,0.05,2.61,3,5,0.22,1,0,3,1,1,9,voice_message,0.3809466717695839,academic_struggle,1
STU0159,17,F,0,1.84,7.53,0.2,0.16,3,4.76,0.71,0.61,27.94,0,2,0.83,2,0,1,0,0,0,none,0.0,none,0
STU0160,15,M,1,2.19,9.41,0.22,0.33,2,5.45,0.74,0.79,23.87,0,2,0.86,2,0,0,0,0,0,none,0.0,none,0
STU0161,17,M,1,51.98,41.9,0.6699999999999999,0.76,21,1.3699999999999999,0.15999999999999998,0.13,0.56,5,10,0.21,1,0,5,1,1,10,motivational_story,0.5138183676795123,academic_struggle,1
STU0162,14,F,0,7.14,4.06,0.18,0.15,2,4.78,0.49,0.91,28.63,1,1,0.84,2,0,0,0,0,0,none,0.0,none,0
STU0163,14,M,0,5.87,8.76,0.15,0.2,2,4.01,0.47,0.66,10.51,1,2,0.71,2,0,1,0,0,0,none,0.0,none,0
STU0164,14,F,1,8.22,7.01,0.2,0.09,2,3.79,0.46,0.63,27.22,1,1,0.91,1,0,0,0,0,0,none,0.0,none,0
STU0165,16,F,0,8.76,3.51,0.2,0.14,1,3.83,0.61,1.0,25.46,0,1,0.93,1,0,2,0,0,0,none,0.0,none,0
STU0166,12,M,1,13.62,5.92,0.09,0.19,4,5.34,0.58,0.53,28.53,0,1,0.83,1,1,1,0,0,0,none,0.0,none,0
STU0167,17,M,1,51.32,48.27,0.6,0.95,17,2.5,0.15000000000000002,0.06,0.43,4,11,0.21,2,1,5,0,1,6,motivational_story,0.46021710873431276,academic_struggle,1
STU0168,18,M,0,9.3,8.12,0.24,0.23,6,4.0,0.51,0.77,38.69,0,1,0.88,2,0,1,0,0,0,none,0.0,none,0
STU0169,18,M,1,46.73,66.44,0.7,0.83,20,2.7399999999999998,0.26,0.12,1.11,4,11,0.2,1,1,4,1,1,7,peer_buddy,0.6497100393902187,home_financial_stress,1
STU0170,17,F,1,8.99,9.41,0.07,0.06,2,4.47,0.71,0.85,12.4,0,2,0.78,2,0,0,1,0,0,none,0.0,none,0
STU0171,16,M,0,8.68,7.79,0.35,0.17,4,5.83,0.58,0.54,6.96,1,0,0.82,2,0,1,0,0,0,none,0.0,none,0
STU0172,17,F,0,11.19,4.73,0.2,0.24,2,2.52,0.6,0.84,19.3,0,2,0.82,2,1,1,0,0,0,none,0.0,none,0
STU0173,18,F,0,9.7,5.98,0.17,0.3,2,2.87,0.59,0.79,33.14,1,3,0.74,2,0,1,0,0,0,none,0.0,none,0
STU0174,14,M,1,28.88,44.4,0.6,0.86,19,2.18,0.11,0.08,1.62,4,12,0.15,2,0,3,1,1,9,parent_call,0.2037099082449052,academic_struggle,1
STU0175,13,F,0,7.69,4.24,0.36,0.16,2,4.27,0.84,0.82,25.32,1,2,0.89,2,1,0,0,0,0,none,0.0,none,0
STU0176,16,F,0,6.46,5.33,0.2,0.19,5,3.14,0.56,0.84,17.24,1,3,0.82,1,0,1,0,0,0,none,0.0,none,0
STU0177,13,F,0,4.43,6.99,0.3,0.11,2,3.88,0.48,0.79,16.21,0,1,0.79,2,0,1,0,0,0,none,0.0,none,0
STU0178,16,M,1,60.29,45.93,0.9299999999999999,0.74,14,2.2,0.24000000000000002,0.08,2.2,4,12,0.27,1,1,2,1,1,7,voice_message,0.5331340540720282,home_financial_stress,1
STU0179,15,M,0,6.59,4.79,0.17,0.15,1,4.12,0.72,0.78,28.56,1,1,0.92,2,0,0,1,0,0,none,0.0,none,0
STU0180,13,F,1,3.51,5.79,0.07,0.19,5,4.02,0.68,0.57,17.07,0,1,0.95,1,0,1,0,0,0,none,0.0,none,0
STU0181,15,M,1,9.14,8.34,0.18,0.2,1,4.41,0.72,0.71,30.99,0,2,0.77,2,0,1,1,0,0,none,0.0,none,0
STU0182,17,F,0,4.1,7.19,0.15,0.18,4,4.34,0.68,0.68,24.96,0,2,0.81,1,0,1,0,0,0,none,0.0,none,0
STU0183,13,F,0,9.25,3.85,0.15,0.28,0,3.88,0.48,0.66,19.61,0,1,0.76,2,1,2,0,0,0,none,0.0,none,0
STU0184,16,M,0,7.32,3.26,0.29,0.18,5,4.39,0.5,0.89,34.41,1,1,0.83,2,0,1,0,0,0,none,0.0,none,0
STU0185,14,M,1,4.3,7.66,0.22,0.12,3,4.63,0.63,0.86,30.17,1,1,0.76,2,0,0,0,0,0,none,0.0,none,0
STU0186,16,F,0,9.36,8.55,0.19,0.29,4,4.05,0.76,0.73,38.46,0,1,0.84,2,0,1,0,0,0,none,0.0,none,0
STU0187,18,M,1,59.67,46.22,0.43999999999999995,0.73,17,1.46,0.15000000000000002,0.11,0.16,4,14,0.19,1,1,6,1,1,6,parent_call,0.4658922154548904,academic_struggle,1
STU0188,13,M,1,9.93,5.55,0.27,0.21,5,3.69,0.52,0.89,21.09,1,2,0.77,1,0,1,0,0,0,none,0.0,none,0
STU0189,15,M,1,4.65,7.1,0.3,0.16,2,4.92,0.43,0.67,23.52,1,1,0.85,2,0,0,0,0,0,none,0.0,none,0
STU0190,17,F,0,38.49,36.92,0.66,0.82,18,1.79,0.30000000000000004,0.15,0.0,3,9,0.07,1,1,5,1,0,0,none,0.0,home_financial_stress,1
STU0191,12,F,0,2.72,5.49,0.17,0.24,4,3.33,0.66,0.48,33.54,0,2,0.83,1,0,1,0,0,0,none,0.0,none,0
STU0192,15,F,0,1.72,6.14,0.27,0.06,4,4.65,0.76,0.87,39.62,0,2,0.82,1,1,1,0,0,0,none,0.0,none,0
STU0193,16,M,1,5.48,6.45,0.17,0.19,4,3.65,0.46,0.93,33.05,0,2,0.81,2,0,1,0,0,0,none,0.0,none,0
STU0194,17,M,1,56.86,41.71,0.84,0.77,11,1.8399999999999999,0.21000000000000002,0.15,1.84,2,13,0.12,2,1,3,1,0,0,none,0.0,home_financial_stress,1
STU0195,16,F,1,60.36,42.39,0.82,0.78,18,2.18,0.31,0.1,2.23,3,12,0.0,1,0,6,1,0,0,none,0.0,home_financial_stress,1
STU0196,14,F,0,8.04,8.39,0.06,0.23,2,3.93,0.69,0.66,16.59,1,1,0.76,1,0,1,0,0,0,none,0.0,none,0
STU0197,18,F,1,7.46,4.53,0.19,0.33,4,4.01,0.62,0.73,17.91,0,3,0.86,2,0,1,0,0,0,none,0.0,none,0
STU0198,18,F,0,44.22,47.59,0.52,0.78,16,1.54,0.29000000000000004,0.01,2.19,2,10,0.24,1,0,4,1,0,0,none,0.0,academic_struggle,1
STU0199,17,M,0,1.37,6.99,0.27,0.15,5,2.67,0.47,0.74,22.2,0,2,0.89,1,0,1,0,0,0,none,0.0,none,0
STU0200,18,M,0,5.83,6.68,0.27,0.2,4,5.31,0.7,0.76,9.85,0,2,0.84,1,1,1,0,0,0,none,0.0,none,0
STU0201,13,M,0,3.7,6.14,0.28,0.24,3,4.06,0.7,0.74,13.76,1,1,0.86,1,0,1,0,0,0,none,0.0,none,0
STU0202,12,F,0,6.61,3.6,0.17,0.23,3,3.93,0.59,0.54,24.57,1,2,0.87,1,0,1,0,0,0,none,0.0,none,0
STU0203,17,M,0,51.4,37.41,0.66,0.75,22,1.0,0.11,0.2,0.5,3,14,0.16,1,0,5,1,1,9,parent_call,0.3189187130147664,academic_struggle,1
STU0204,12,M,0,2.48,5.6,0.37,0.05,1,5.2,0.87,0.71,12.09,2,3,0.9,2,0,0,0,0,0,none,0.0,none,0
STU0205,14,F,1,3.12,3.29,0.07,0.23,3,4.3,0.73,0.75,27.26,0,1,0.93,1,1,1,0,0,0,none,0.0,none,0
STU0206,12,F,1,7.64,7.1,0.18,0.19,3,4.07,0.38,0.69,15.19,1,4,0.88,1,0,1,0,0,0,none,0.0,none,0
STU0207,18,F,1,2.19,7.34,0.25,0.23,2,4.2,0.51,0.69,30.24,1,2,0.77,2,0,1,0,0,0,none,0.0,none,0
STU0208,13,F,1,6.45,7.54,0.39,0.27,5,3.6,0.53,0.73,22.86,0,1,0.88,1,0,1,0,0,0,none,0.0,none,0
STU0209,18,M,1,4.38,4.9,0.27,0.11,3,4.97,0.59,0.63,20.16,1,2,0.81,2,0,1,0,0,0,none,0.0,none,0
STU0210,16,F,0,38.36,56.39,1.0,0.74,21,3.01,0.22,0.09,0.92,2,9,0.05,2,1,4,1,1,6,parent_call,0.3055026768941358,home_financial_stress,1
STU0211,18,F,1,8.04,5.4,0.17,0.26,4,4.25,0.71,0.54,28.05,1,1,0.83,1,0,1,1,0,0,none,0.0,none,0
STU0212,14,M,0,11.07,9.34,0.3,0.18,2,2.66,0.89,0.78,18.06,1,1,0.88,2,0,1,1,0,0,none,0.0,none,0
STU0213,15,M,1,6.25,4.54,0.34,0.28,2,2.93,0.6,0.77,23.92,1,2,0.93,2,0,1,0,0,0,none,0.0,none,0
STU0214,14,F,0,6.24,7.11,0.13,0.2,0,4.7,0.46,0.9,19.36,0,1,0.83,2,0,2,1,0,0,none,0.0,none,0
STU0215,17,M,1,70.62,55.43,0.5499999999999999,0.69,19,1.0,0.13,0.09,1.03,2,14,0.11,2,0,2,1,0,0,none,0.0,academic_struggle,1
STU0216,12,M,0,7.48,4.95,0.03,0.29,2,3.31,0.73,0.67,30.48,1,2,0.74,1,0,1,0,0,0,none,0.0,none,0
STU0217,15,M,1,43.34,51.24,0.69,0.72,20,1.01,0.0,0.07,2.36,4,14,0.21,1,0,5,1,1,7,voice_message,0.48835184047770475,academic_struggle,1
STU0218,16,M,1,2.61,7.25,0.25,0.14,4,3.49,0.68,0.82,21.73,1,1,0.83,2,0,1,0,0,0,none,0.0,none,0
STU0219,18,F,1,67.38,36.78,0.97,0.95,23,1.98,0.28,0.1,0.6,4,7,0.25,2,0,4,1,1,8,voice_message,0.5726159655872839,home_financial_stress,1
STU0220,16,M,0,7.09,6.01,0.03,0.21,6,3.71,0.56,0.76,24.5,1,0,0.91,2,0,1,0,0,0,none,0.0,none,0
STU0221,18,M,0,11.83,2.51,0.21,0.07,0,4.24,0.67,0.69,21.15,2,1,0.89,1,0,0,0,0,0,none,0.0,none,0
STU0222,14,F,0,51.73,54.75,0.94,0.78,18,1.7000000000000002,0.25,0.09,1.82,3,14,0.27,1,1,4,0,0,0,none,0.0,home_financial_stress,1
STU0223,12,M,0,34.44,45.3,0.74,0.55,14,1.7899999999999998,0.08,0.12,0.9,4,11,0.24,1,1,5,1,0,0,none,0.0,academic_struggle,1
STU0224,14,M,1,4.73,4.86,0.23,0.08,4,3.67,0.51,0.67,32.06,0,2,0.79,1,0,1,0,0,0,none,0.0,none,0
STU0225,14,F,0,54.73,50.83,0.96,0.66,13,2.46,0.29000000000000004,0.13,5.0,4,17,0.23,2,1,5,1,0,0,none,0.0,home_financial_stress,1
STU0226,13,F,0,8.37,6.68,0.25,0.28,3,3.51,0.52,0.62,45.59,1,0,0.74,2,0,1,0,0,0,none,0.0,none,0
STU0227,14,F,1,8.49,7.62,0.11,0.27,5,3.1,0.54,0.84,24.17,1,2,0.88,2,0,0,0,0,0,none,0.0,none,0
STU0228,15,M,1,9.96,6.22,0.13,0.28,4,3.18,0.7,0.84,31.46,0,1,0.95,2,0,0,0,0,0,none,0.0,none,0
STU0229,16,M,1,50.2,61.9,0.52,0.72,15,1.0,0.06,0.06,1.65,4,20,0.23,1,1,3,1,1,5,motivational_story,0.4601585328651642,academic_struggle,1
STU0230,12,M,1,25.55,36.48,0.85,0.97,20,2.09,0.32,0.0,1.74,4,6,0.24,2,1,5,1,0,0,none,0.0,home_financial_stress,1
STU0231,14,F,1,5.63,7.21,0.16,0.36,2,5.68,0.65,0.55,32.94,1,2,0.95,1,0,1,0,0,0,none,0.0,none,0
STU0232,17,F,0,4.03,6.91,0.12,0.2,4,3.73,0.67,0.6,20.35,1,2,0.8,1,0,1,0,0,0,none,0.0,none,0
STU0233,18,F,0,10.53,3.1,0.2,0.1,4,4.71,0.6,0.41,23.59,1,2,0.95,2,0,0,0,0,0,none,0.0,none,0
STU0234,12,M,1,7.92,5.87,0.08,0.21,5,3.98,0.74,0.59,21.79,0,2,0.85,2,0,1,0,0,0,none,0.0,none,0
STU0235,16,F,1,5.11,6.48,0.11,0.23,3,5.4,0.84,0.66,20.79,0,1,0.87,1,0,0,0,0,0,none,0.0,none,0
STU0236,16,M,0,46.58,20.0,0.5399999999999999,0.93,18,1.0,0.06,0.14,2.05,3,11,0.12,1,0,3,1,0,0,none,0.0,academic_struggle,1
STU0237,13,M,0,8.06,9.7,0.19,0.25,3,5.04,0.56,0.81,20.44,0,2,0.87,1,0,1,0,0,0,none,0.0,none,0
STU0238,15,M,1,7.62,7.43,0.39,0.37,2,5.3,0.7,0.78,8.46,0,1,0.92,1,0,1,0,0,0,none,0.0,none,0
STU0239,13,F,1,66.37,52.19,0.83,0.95,19,2.03,0.2,0.08,1.11,4,13,0.15,1,1,5,1,1,2,motivational_story,0.6690646274786342,home_financial_stress,1
STU0240,12,M,1,5.03,7.18,0.25,0.22,2,4.22,0.79,0.65,38.78,0,2,0.8,1,0,1,0,0,0,none,0.0,none,0
STU0241,18,F,1,35.75,47.08,0.87,0.74,12,2.64,0.30000000000000004,0.1,3.35,2,6,0.09,1,1,4,1,1,10,peer_buddy,0.4563339449322692,home_financial_stress,1
STU0242,13,F,0,6.11,7.3,0.07,0.24,1,4.66,0.53,0.8,30.85,1,2,0.83,2,0,1,0,0,0,none,0.0,none,0
STU0243,12,F,0,7.92,8.12,0.23,0.21,2,3.43,0.79,0.89,20.1,1,1,0.94,2,1,1,0,0,0,none,0.0,none,0
STU0244,15,M,0,5.74,10.34,0.09,0.05,4,3.46,0.61,0.63,19.92,1,2,0.92,1,0,0,0,0,0,none,0.0,none,0
STU0245,13,F,1,6.66,3.46,0.17,0.27,3,4.53,0.86,0.84,22.75,0,0,0.84,2,0,1,0,0,0,none,0.0,none,0
STU0246,15,M,0,0.5,6.36,0.31,0.08,2,4.26,0.8,0.67,16.46,0,2,1.0,2,0,1,0,0,0,none,0.0,none,0
STU0247,18,F,0,3.87,5.23,0.17,0.28,2,5.67,0.7,0.57,20.97,0,0,0.98,1,0,1,0,0,0,none,0.0,none,0
STU0248,15,F,0,0.64,5.28,0.22,0.21,7,4.28,0.53,0.71,7.79,0,1,0.92,1,1,1,0,0,0,none,0.0,none,0
STU0249,15,F,0,52.66,64.93,0.85,0.88,18,2.15,0.32,0.09,1.77,4,9,0.23,1,1,4,1,0,0,none,0.0,home_financial_stress,1
STU0250,15,F,1,11.01,4.11,0.33,0.17,5,2.87,0.72,0.63,10.68,1,2,0.78,2,0,0,0,0,0,none,0.0,none,0
STU0251,18,F,0,8.62,4.07,0.19,0.18,1,4.29,0.59,0.8,13.44,1,1,0.87,2,0,1,0,0,0,none,0.0,none,0
STU0252,13,F,1,5.33,10.09,0.15,0.17,6,3.33,0.58,0.7,28.73,1,0,0.81,2,0,0,1,0,0,none,0.0,none,0
STU0253,16,F,0,6.06,2.0,0.26,0.2,5,3.12,0.35,0.75,24.33,0,1,1.0,2,0,1,0,0,0,none,0.0,none,0
STU0254,15,F,0,3.89,9.38,0.21,0.0,4,3.72,0.64,0.68,28.46,1,2,0.82,1,0,1,0,0,0,none,0.0,none,0
STU0255,12,M,0,5.61,4.3,0.14,0.12,3,4.99,0.55,0.74,16.75,0,0,0.83,1,1,1,0,0,0,none,0.0,none,0
STU0256,15,M,1,1.99,6.97,0.08,0.29,2,3.93,0.81,0.57,10.82,0,2,0.73,2,0,0,0,0,0,none,0.0,none,0
STU0257,16,M,0,6.15,7.44,0.17,0.39,3,3.78,0.55,0.85,28.94,0,2,0.73,1,0,1,0,0,0,none,0.0,none,0
STU0258,15,F,0,2.55,7.33,0.24,0.06,2,4.96,0.53,0.66,25.7,1,1,0.8,2,0,2,0,0,0,none,0.0,none,0
STU0259,12,M,1,64.7,49.18,0.69,0.7,23,1.71,0.23,0.13,0.53,4,7,0.1,2,1,5,1,0,0,none,0.0,home_financial_stress,1
STU0260,14,M,0,6.73,5.88,0.29,0.21,2,4.79,0.62,0.78,18.18,0,2,0.85,2,0,1,0,0,0,none,0.0,none,0
STU0261,12,F,1,11.55,7.69,0.29,0.15,1,4.68,0.7,0.73,25.1,1,3,0.95,2,0,1,0,0,0,none,0.0,none,0
STU0262,18,F,0,4.88,7.29,0.27,0.16,1,4.21,0.55,0.66,32.6,1,2,0.75,1,1,1,0,0,0,none,0.0,none,0
STU0263,18,F,0,70.19,51.27,0.82,0.69,30,2.23,0.25,0.1,1.7,3,10,0.11,2,0,4,1,0,0,none,0.0,home_financial_stress,1
STU0264,13,M,1,0.77,4.91,0.11,0.21,4,4.52,0.37,0.97,24.36,0,2,0.86,1,1,0,0,0,0,none,0.0,none,0
STU0265,14,F,0,6.64,9.16,0.28,0.27,2,3.29,0.76,0.83,33.78,0,1,0.72,1,0,1,1,0,0,none,0.0,none,0
STU0266,12,M,1,8.59,6.3,0.22,0.14,4,5.67,0.53,0.68,23.85,1,1,0.62,1,0,1,0,0,0,none,0.0,none,0
STU0267,12,F,1,8.58,5.23,0.2,0.2,0,3.99,0.57,0.66,33.55,0,2,0.83,2,0,1,0,0,0,none,0.0,none,0
STU0268,18,M,0,7.3,4.64,0.28,0.28,5,3.32,0.71,0.8,18.21,0,3,0.87,2,0,1,0,0,0,none,0.0,none,0
STU0269,12,F,1,5.72,5.83,0.24,0.28,3,5.48,0.68,0.68,9.11,0,1,0.93,2,0,1,0,0,0,none,0.0,none,0
STU0270,13,M,1,31.17,57.5,0.73,0.73,14,2.65,0.23,0.16,0.83,4,9,0.32,2,1,2,1,0,0,none,0.0,home_financial_stress,1
STU0271,15,F,1,10.06,6.85,0.2,0.09,1,4.22,0.39,0.84,20.73,2,3,0.84,2,0,1,0,0,0,none,0.0,none,0
STU0272,17,M,0,44.14,44.13,0.7899999999999999,0.72,19,2.32,0.21000000000000002,0.08,1.73,2,6,0.09,2,1,4,1,0,0,none,0.0,home_financial_stress,1
STU0273,18,M,1,3.35,4.45,0.13,0.26,4,3.87,0.54,0.73,9.48,1,2,0.75,2,1,0,0,0,0,none,0.0,none,0
STU0274,13,M,1,47.6,37.92,0.84,0.61,15,2.25,0.26,0.05,2.77,3,16,0.18,1,1,3,1,0,0,none,0.0,home_financial_stress,1
STU0275,12,M,1,9.69,4.81,0.01,0.17,4,4.43,0.7,0.69,11.77,1,1,1.0,1,0,1,0,0,0,none,0.0,none,0
STU0276,12,M,0,5.77,2.63,0.22,0.2,3,3.58,1.0,0.88,12.04,1,1,0.77,2,0,0,0,0,0,none,0.0,none,0
STU0277,16,M,0,67.5,43.23,0.82,0.77,10,2.64,0.24000000000000002,0.09,4.69,4,9,0.12,1,1,6,1,1,3,voice_message,0.6613270410537765,home_financial_stress,1
STU0278,16,F,1,30.51,36.91,0.77,0.83,25,1.5,0.26,0.09,2.17,4,9,0.12,1,1,3,1,0,0,none,0.0,home_financial_stress,1
STU0279,15,M,0,2.73,4.03,0.12,0.21,2,4.4,0.35,0.62,12.99,0,1,0.91,1,0,0,0,0,0,none,0.0,none,0
STU0280,15,F,0,41.08,47.55,0.65,0.7,18,1.8800000000000001,0.0,0.13,0.84,4,9,0.01,1,1,2,1,1,4,parent_call,0.4548084946661382,academic_struggle,1
STU0281,18,F,0,9.44,4.45,0.32,0.08,5,3.7,0.62,0.49,18.36,0,1,0.84,2,0,1,0,0,0,none,0.0,none,0
STU0282,17,M,1,70.58,53.45,1.0,0.75,13,2.14,0.25,0.15,0.0,5,11,0.12,1,1,3,1,1,2,counsellor,0.414514332813423,home_financial_stress,1
STU0283,13,F,1,52.79,46.47,0.5499999999999999,0.96,12,1.0,0.12000000000000001,0.15,3.18,3,16,0.15,2,1,4,0,0,0,none,0.0,academic_struggle,1
STU0284,14,M,0,6.39,5.85,0.1,0.32,6,2.65,0.53,0.69,14.28,1,1,1.0,2,0,1,0,0,0,none,0.0,none,0
STU0285,18,M,1,56.4,34.24,0.61,1.0,18,2.0700000000000003,0.039999999999999994,0.1,3.27,3,19,0.21,1,1,3,1,1,8,parent_call,0.4457407739055521,academic_struggle,1
STU0286,13,F,0,4.42,4.95,0.14,0.27,2,4.52,0.6,0.48,17.44,0,2,0.75,2,1,1,0,0,0,none,0.0,none,0
STU0287,16,F,1,45.36,43.57,1.0,0.75,14,1.9500000000000002,0.32,0.12,0.97,4,12,0.23,1,1,3,1,0,0,none,0.0,home_financial_stress,1
STU0288,13,M,0,25.04,22.75,0.5399999999999999,0.7,20,1.05,0.0,0.17,1.27,4,6,0.11,1,1,4,0,0,0,none,0.0,academic_struggle,1
STU0289,16,M,1,43.98,35.96,0.5,0.84,28,1.0,0.09999999999999999,0.17,1.42,4,8,0.18,1,1,4,1,1,5,motivational_story,0.6485729995679863,academic_struggle,1
STU0290,12,F,0,6.04,3.61,0.18,0.31,5,3.97,0.64,0.95,26.17,0,0,0.88,1,0,1,0,0,0,none,0.0,none,0
STU0291,14,M,1,0.5,8.55,0.23,0.1,1,5.34,0.54,0.58,31.1,1,1,0.87,2,0,0,1,0,0,none,0.0,none,0
STU0292,13,F,1,50.17,27.03,0.64,0.73,15,1.7899999999999998,0.2,0.1,1.81,5,13,0.35,2,0,5,1,1,2,counsellor,0.4039237240844182,academic_struggle,1
STU0293,16,F,0,8.09,8.35,0.18,0.17,4,2.91,0.68,0.79,27.44,0,1,0.78,1,0,1,0,0,0,none,0.0,none,0
STU0294,16,M,1,0.58,5.45,0.2,0.21,3,3.26,0.63,0.54,32.91,0,1,0.98,1,0,0,1,0,0,none,0.0,none,0
STU0295,16,M,0,49.57,54.41,0.45999999999999996,0.92,18,1.01,0.14,0.11,0.9,4,10,0.16,1,1,5,1,0,0,none,0.0,academic_struggle,1
STU0296,12,M,1,53.95,41.5,0.89,1.0,18,2.3,0.33,0.16,2.69,4,7,0.28,1,1,2,0,1,8,counsellor,0.5232635465239033,home_financial_stress,1
STU0297,12,M,1,4.57,7.75,0.22,0.22,4,3.89,0.7,0.71,24.12,0,0,0.84,1,0,2,0,0,0,none,0.0,none,0
STU0298,16,F,0,6.89,5.52,0.17,0.35,5,4.11,0.37,0.68,43.62,0,2,0.97,2,0,1,0,0,0,none,0.0,none,0
STU0299,18,F,0,6.87,7.92,0.14,0.2,1,4.56,0.71,0.78,22.01,1,3,0.83,2,0,1,0,0,0,none,0.0,none,0
STU0300,13,M,1,35.44,45.37,0.97,0.87,23,1.8199999999999998,0.14,0.18,1.18,3,17,0.19,1,1,5,1,1,9,counsellor,0.5645002344901084,home_financial_stress,1
STU0301,18,M,0,8.88,6.1,0.22,0.29,3,4.72,0.61,0.88,24.57,1,0,0.87,2,0,0,0,0,0,none,0.0,none,0
STU0302,14,F,1,53.3,29.1,0.99,0.79,18,2.55,0.27,0.15,1.79,3,13,0.06,1,1,4,0,0,0,none,0.0,home_financial_stress,1
STU0303,12,F,1,6.04,5.64,0.19,0.3,2,5.05,0.68,0.7,42.01,0,1,0.75,1,0,1,0,0,0,none,0.0,none,0
STU0304,14,M,0,31.54,23.86,1.0,0.78,15,2.7199999999999998,0.2,0.19,2.18,3,21,0.1,2,0,5,1,1,5,parent_call,0.47992925804064923,home_financial_stress,1
STU0305,17,M,1,1.84,7.01,0.32,0.38,2,4.39,0.72,0.74,21.21,1,0,0.9,2,1,1,0,0,0,none,0.0,none,0
STU0306,13,F,0,36.26,44.08,0.6799999999999999,0.9,20,2.33,0.33,0.18,2.51,2,7,0.1,1,1,4,1,1,6,peer_buddy,0.6637659020469123,home_financial_stress,1
STU0307,12,M,0,53.51,39.3,0.6799999999999999,0.84,19,2.34,0.15000000000000002,0.05,2.55,3,15,0.15,2,1,4,1,1,10,voice_message,0.4838283805975998,home_financial_stress,1
STU0308,14,M,1,51.43,45.21,0.91,0.86,18,2.1,0.24000000000000002,0.09,2.63,4,5,0.2,1,1,4,1,1,10,voice_message,0.38812912435541025,home_financial_stress,1
STU0309,14,F,0,3.67,8.34,0.32,0.13,1,4.24,0.58,0.94,22.28,0,1,0.94,2,0,1,0,0,0,none,0.0,none,0
STU0310,12,M,0,10.59,7.33,0.13,0.07,3,3.83,0.71,0.66,26.09,1,2,0.85,2,0,1,0,0,0,none,0.0,none,0
STU0311,18,M,1,49.8,36.36,0.84,0.83,9,1.5299999999999998,0.31,0.11,1.32,4,13,0.11,1,0,3,1,1,9,parent_call,0.28958452550976815,home_financial_stress,1
STU0312,16,M,1,3.27,4.13,0.15,0.22,3,2.5,0.4,0.65,25.66,0,1,0.81,1,0,1,0,0,0,none,0.0,none,0
STU0313,16,M,1,4.23,6.72,0.1,0.08,0,4.58,0.58,1.0,14.05,0,1,0.87,1,1,1,0,0,0,none,0.0,none,0
STU0314,18,F,0,6.62,6.62,0.11,0.13,6,3.41,0.85,0.69,22.02,1,3,0.84,2,1,1,0,0,0,none,0.0,none,0
STU0315,16,F,0,38.33,49.65,1.0,0.68,15,2.19,0.27,0.06,1.92,3,12,0.19,2,0,4,1,0,0,none,0.0,home_financial_stress,1
STU0316,17,F,0,5.16,7.16,0.31,0.15,3,4.27,0.53,0.72,10.27,0,2,0.82,2,1,1,0,0,0,none,0.0,none,0
STU0317,13,F,1,43.67,51.59,0.49,0.86,21,1.3499999999999999,0.13,0.04,2.42,3,10,0.23,2,1,3,0,0,0,none,0.0,academic_struggle,1
STU0318,12,F,1,0.5,8.78,0.09,0.12,3,5.13,0.74,0.7,24.47,0,2,0.86,2,1,1,1,0,0,none,0.0,none,0
STU0319,17,M,0,5.77,7.34,0.11,0.08,4,4.3,0.54,0.62,31.0,0,3,0.78,1,0,1,1,0,0,none,0.0,none,0
STU0320,14,F,1,55.34,50.31,0.94,0.72,16,2.37,0.33,0.08,1.31,2,7,0.22,1,1,6,1,0,0,none,0.0,home_financial_stress,1
STU0321,16,M,1,45.34,37.23,0.88,0.88,22,1.9100000000000001,0.24000000000000002,0.11,1.25,5,14,0.21,1,1,5,1,1,6,peer_buddy,0.7293473857485325,home_financial_stress,1
STU0322,13,F,1,43.55,47.72,0.35,0.91,9,1.32,0.009999999999999995,0.04,2.66,3,13,0.15,1,0,5,0,1,3,peer_buddy,0.7276821891060256,academic_struggle,1
STU0323,12,F,1,8.81,6.02,0.43,0.07,5,3.86,0.74,0.77,16.13,1,0,0.9,1,0,1,1,0,0,none,0.0,none,0
STU0324,14,F,0,67.35,53.15,1.0,0.87,18,1.5,0.23,0.06,3.67,3,12,0.19,1,1,4,1,0,0,none,0.0,home_financial_stress,1
STU0325,16,F,0,6.44,7.59,0.19,0.16,3,3.7,0.49,0.63,26.17,1,2,0.77,1,0,1,0,0,0,none,0.0,none,0
STU0326,13,M,0,4.29,7.7,0.1,0.32,3,3.52,0.61,0.82,17.32,0,1,0.76,2,0,2,1,0,0,none,0.0,none,0
STU0327,17,F,1,8.01,4.53,0.21,0.24,5,4.56,0.74,0.73,33.28,1,1,0.96,2,0,1,0,0,0,none,0.0,none,0
STU0328,18,M,0,8.14,2.0,0.29,0.17,4,4.96,0.49,0.63,19.69,0,3,0.78,2,0,1,1,0,0,none,0.0,none,0
STU0329,16,M,0,2.69,7.36,0.23,0.18,2,3.29,0.71,0.87,16.9,1,0,0.8,1,0,1,1,0,0,none,0.0,none,0
STU0330,14,M,0,41.81,40.96,0.7999999999999999,0.76,16,2.31,0.21000000000000002,0.16,0.61,3,10,0.27,1,1,4,1,0,0,none,0.0,home_financial_stress,1
STU0331,13,M,0,8.3,3.92,0.36,0.05,2,4.3,0.72,0.71,21.54,1,1,0.96,1,0,1,0,0,0,none,0.0,none,0
STU0332,12,F,1,35.25,44.74,0.76,0.95,14,2.04,0.32,0.04,1.73,5,6,0.16,1,1,5,1,1,8,counsellor,0.571182287177731,home_financial_stress,1
STU0333,13,M,0,39.29,41.87,0.52,0.74,11,1.04,0.0,0.05,2.55,3,21,0.19,1,1,4,1,1,3,parent_call,0.36416422198187864,academic_struggle,1
STU0334,13,F,0,1.5,7.8,0.29,0.16,4,5.11,0.86,0.69,6.0,0,1,0.83,2,0,1,1,0,0,none,0.0,none,0
STU0335,16,F,0,4.75,7.4,0.43,0.19,4,3.41,0.67,0.78,23.56,0,2,0.97,2,0,1,0,0,0,none,0.0,none,0
STU0336,12,F,0,73.11,29.94,0.48,0.92,22,1.8099999999999998,0.15000000000000002,0.1,0.6,4,9,0.23,1,1,4,1,1,5,peer_buddy,0.6374502803207488,academic_struggle,1
STU0337,14,M,0,0.5,7.78,0.15,0.26,3,2.77,0.67,0.98,25.94,0,2,0.87,1,0,1,0,0,0,none,0.0,none,0
STU0338,16,F,0,3.55,3.73,0.17,0.14,1,5.62,0.8,0.63,24.18,1,2,0.78,2,0,1,1,0,0,none,0.0,none,0
STU0339,17,F,0,68.34,33.77,0.62,0.73,11,1.19,0.09999999999999999,0.08,0.81,2,12,0.03,1,1,5,0,1,8,voice_message,0.5607439752934503,academic_struggle,1
STU0340,17,M,1,4.04,6.05,0.2,0.07,2,3.55,0.41,0.73,20.01,0,2,0.91,1,0,1,0,0,0,none,0.0,none,0
STU0341,15,F,1,5.81,8.47,0.16,0.2,3,4.68,0.38,0.65,23.69,1,1,0.7,2,1,1,0,0,0,none,0.0,none,0
STU0342,14,F,0,11.7,6.17,0.12,0.27,4,4.32,0.6,0.77,19.91,1,0,0.82,2,0,2,0,0,0,none,0.0,none,0
STU0343,14,M,0,9.77,7.89,0.13,0.11,4,3.32,0.66,0.66,7.75,0,2,0.81,1,0,1,0,0,0,none,0.0,none,0
STU0344,16,F,1,8.77,6.97,0.23,0.25,6,3.1,0.71,0.61,26.44,0,1,0.83,2,0,1,0,0,0,none,0.0,none,0
STU0345,17,F,0,41.15,31.68,0.65,0.74,21,1.5999999999999999,0.0,0.18,3.3,3,10,0.17,1,1,5,1,1,6,motivational_story,0.5333544272672831,academic_struggle,1
STU0346,12,F,0,9.59,2.96,0.24,0.25,1,2.8,0.56,0.64,28.03,0,1,0.8,2,0,1,0,0,0,none,0.0,none,0
STU0347,16,M,0,3.59,5.22,0.17,0.16,1,3.9,0.58,0.4,38.42,1,1,0.85,1,1,0,0,0,0,none,0.0,none,0
STU0348,14,M,0,7.8,7.92,0.34,0.24,1,3.79,0.69,0.97,10.82,1,2,0.92,1,0,1,0,0,0,none,0.0,none,0
STU0349,16,M,1,33.16,26.8,0.65,0.83,19,1.67,0.05,0.11,1.79,3,19,0.19,1,1,2,1,1,8,motivational_story,0.533155360863383,academic_struggle,1
STU0350,12,F,1,62.36,33.9,0.84,0.8,14,2.52,0.24000000000000002,0.12,0.61,3,15,0.12,2,1,7,0,1,9,counsellor,0.30803638143853973,home_financial_stress,1
STU0351,15,F,1,44.31,42.19,0.87,0.96,18,2.34,0.30000000000000004,0.11,1.05,4,16,0.07,1,1,4,1,0,0,none,0.0,home_financial_stress,1
STU0352,14,M,0,8.57,5.86,0.2,0.19,5,3.01,0.72,0.85,27.73,2,1,0.93,2,1,1,0,0,0,none,0.0,none,0
STU0353,13,F,1,50.41,51.49,0.5,0.81,20,1.8499999999999999,0.11,0.08,0.67,4,8,0.0,1,1,5,1,0,0,none,0.0,academic_struggle,1
STU0354,12,F,0,8.19,4.62,0.15,0.15,4,4.83,0.6,0.83,22.99,0,1,0.91,1,0,1,0,0,0,none,0.0,none,0
STU0355,15,F,0,10.0,7.86,0.15,0.24,4,4.51,0.45,0.84,17.44,0,4,0.87,2,0,1,1,0,0,none,0.0,none,0
STU0356,16,M,1,44.43,53.76,0.83,0.81,17,2.21,0.16,0.03,3.09,3,8,0.0,1,1,3,1,1,4,parent_call,0.31769102065925015,home_financial_stress,1
STU0357,15,F,0,38.93,45.37,0.76,0.8,18,2.7399999999999998,0.29000000000000004,0.1,2.32,5,14,0.15,1,1,2,1,1,9,voice_message,0.28348863369246274,home_financial_stress,1
STU0358,12,M,1,3.64,3.24,0.22,0.26,3,5.16,0.49,0.8,17.15,1,3,0.79,2,0,1,0,0,0,none,0.0,none,0
STU0359,14,M,0,9.11,4.18,0.18,0.22,4,2.5,0.54,0.68,27.63,2,1,0.74,1,0,1,0,0,0,none,0.0,none,0
STU0360,18,F,0,3.47,2.0,0.25,0.13,3,3.0,0.62,0.72,24.15,0,2,0.8,1,0,0,1,0,0,none,0.0,none,0
STU0361,14,M,0,39.6,51.95,0.7,0.74,20,2.98,0.24000000000000002,0.07,3.38,2,5,0.19,1,1,3,1,0,0,none,0.0,home_financial_stress,1
STU0362,15,M,0,5.05,4.12,0.22,0.14,5,3.77,0.58,0.66,27.75,0,1,0.98,2,0,0,0,0,0,none,0.0,none,0
STU0363,18,F,1,2.62,3.81,0.19,0.23,4,6.0,0.38,0.79,17.54,0,1,0.78,2,0,2,0,0,0,none,0.0,none,0
STU0364,14,F,0,8.55,5.41,0.19,0.08,2,4.71,0.72,0.78,22.4,1,1,0.91,1,0,1,0,0,0,none,0.0,none,0
STU0365,13,F,1,4.09,4.37,0.11,0.37,5,5.54,0.5,0.73,11.65,0,1,0.95,2,0,1,0,0,0,none,0.0,none,0
STU0366,14,F,1,8.89,5.53,0.26,0.22,2,4.25,0.53,0.64,23.51,1,1,0.93,2,0,1,0,0,0,none,0.0,none,0
STU0367,15,M,0,1.3,6.69,0.4,0.05,3,4.51,0.66,0.71,11.61,1,1,0.67,2,1,1,0,0,0,none,0.0,none,0
STU0368,13,M,1,7.47,5.28,0.19,0.26,0,5.05,0.66,0.67,21.29,0,0,0.97,2,0,1,0,0,0,none,0.0,none,0
STU0369,16,M,1,45.67,37.35,0.4,0.86,12,1.53,0.12000000000000001,0.17,0.19,2,13,0.29,1,1,6,0,1,6,parent_call,0.40346594152746257,academic_struggle,1
STU0370,15,F,0,3.32,5.22,0.19,0.0,6,3.28,0.71,0.71,32.06,1,1,0.78,1,0,1,0,0,0,none,0.0,none,0
STU0371,18,F,0,45.57,37.82,0.71,0.88,22,2.1500000000000004,0.09999999999999999,0.13,1.19,4,11,0.16,1,1,5,1,1,6,parent_call,0.30067793167665274,academic_struggle,1
STU0372,17,M,1,52.4,30.6,0.5499999999999999,0.69,18,1.9799999999999998,0.020000000000000004,0.13,0.97,3,12,0.07,1,1,3,1,0,0,none,0.0,academic_struggle,1
STU0373,13,M,1,67.7,50.1,0.78,1.0,23,2.04,0.1,0.21,0.11,2,16,0.35,1,1,6,0,1,9,counsellor,0.4043909120052359,home_financial_stress,1
STU0374,18,M,1,8.35,5.96,0.18,0.2,4,3.06,0.78,0.81,27.75,1,2,0.9,1,0,1,0,0,0,none,0.0,none,0
STU0375,18,F,1,0.5,4.74,0.16,0.25,3,2.88,0.53,0.74,21.37,0,1,0.91,2,0,1,0,0,0,none,0.0,none,0
STU0376,18,F,1,12.82,7.78,0.25,0.1,1,4.23,0.67,0.65,23.13,1,2,0.76,2,0,1,0,0,0,none,0.0,none,0
STU0377,12,M,0,3.25,8.65,0.19,0.21,4,4.56,0.68,0.69,19.5,1,2,0.83,2,0,1,1,0,0,none,0.0,none,0
STU0378,18,M,1,31.1,24.43,0.91,0.67,27,1.5,0.39,0.11,1.4,3,14,0.15,1,1,6,1,1,10,motivational_story,0.341422764866204,home_financial_stress,1
STU0379,14,F,1,8.2,2.21,0.22,0.1,2,4.43,0.66,0.62,22.05,0,2,0.83,1,0,1,0,0,0,none,0.0,none,0
STU0380,18,M,0,2.67,6.49,0.24,0.29,5,3.19,0.55,0.57,20.13,1,2,0.84,1,0,1,1,0,0,none,0.0,none,0
STU0381,14,M,0,3.13,6.69,0.2,0.2,2,3.82,0.54,0.83,30.28,0,1,0.73,2,0,0,0,0,0,none,0.0,none,0
STU0382,16,F,1,8.87,5.92,0.15,0.25,4,4.29,0.66,0.72,41.11,1,2,0.86,2,0,1,0,0,0,none,0.0,none,0
STU0383,17,F,1,54.19,24.37,0.7999999999999999,0.88,12,2.35,0.14,0.12,1.46,2,17,0.09,1,1,3,1,0,0,none,0.0,home_financial_stress,1
STU0384,15,F,1,45.32,36.51,0.6,0.77,22,1.0,0.020000000000000004,0.05,2.45,5,12,0.14,1,1,4,0,1,6,counsellor,0.609187830260819,academic_struggle,1
STU0385,15,F,0,5.12,8.91,0.32,0.19,1,2.5,0.47,0.56,33.03,1,2,0.67,1,0,0,1,0,0,none,0.0,none,0
STU0386,15,F,0,2.73,6.47,0.28,0.13,5,3.93,0.54,0.84,19.71,1,1,0.85,2,0,1,0,0,0,none,0.0,none,0
STU0387,14,F,0,5.73,5.64,0.25,0.28,3,3.38,0.44,0.64,17.06,1,1,0.91,1,0,0,0,0,0,none,0.0,none,0
STU0388,16,F,1,6.59,7.09,0.03,0.2,3,3.78,0.8,0.77,32.48,0,2,0.98,2,0,1,0,0,0,none,0.0,none,0
STU0389,13,M,1,57.02,47.91,0.76,0.94,11,2.4899999999999998,0.43000000000000005,0.05,0.93,4,10,0.03,2,1,4,1,0,0,none,0.0,home_financial_stress,1
STU0390,18,M,1,44.34,33.9,0.83,0.81,21,2.16,0.29000000000000004,0.1,0.0,3,11,0.05,1,1,5,1,0,0,none,0.0,home_financial_stress,1
STU0391,17,F,1,0.5,7.29,0.11,0.3,3,4.52,0.66,0.51,15.11,1,2,0.94,1,0,1,0,0,0,none,0.0,none,0
STU0392,14,F,1,8.07,4.63,0.18,0.2,3,4.08,0.7,0.82,25.14,1,0,0.85,2,0,1,0,0,0,none,0.0,none,0
STU0393,18,F,0,9.96,8.84,0.15,0.05,5,3.45,0.74,0.48,29.14,0,2,0.85,1,0,0,0,0,0,none,0.0,none,0
STU0394,16,F,1,44.07,36.08,0.44999999999999996,0.83,19,1.5,0.08,0.03,1.08,3,9,0.14,1,1,5,1,0,0,none,0.0,academic_struggle,1
STU0395,15,F,0,10.39,7.99,0.22,0.34,4,4.31,0.64,0.87,30.77,0,0,0.83,2,0,0,1,0,0,none,0.0,none,0
STU0396,12,F,0,1.83,5.61,0.28,0.2,4,3.75,0.53,0.71,24.47,0,1,0.77,1,0,1,0,0,0,none,0.0,none,0
STU0397,12,F,0,5.67,6.07,0.21,0.31,3,3.9,0.52,0.82,23.47,0,0,0.97,2,0,0,0,0,0,none,0.0,none,0
STU0398,18,F,0,3.03,5.93,0.14,0.11,3,4.17,0.74,0.67,25.26,1,2,0.78,2,0,1,1,0,0,none,0.0,none,0
STU0399,12,M,0,42.19,52.67,0.53,0.84,22,1.04,0.09999999999999999,0.0,0.48,3,7,0.28,2,0,2,0,1,2,voice_message,0.6059955513303017,academic_struggle,1
STU0400,14,F,0,3.74,6.77,0.29,0.06,4,3.78,0.66,0.78,20.49,0,1,0.93,1,1,1,0,0,0,none,0.0,none,0
STU0401,18,F,1,5.35,4.3,0.15,0.11,2,3.7,0.48,0.72,29.22,0,3,0.89,1,0,1,1,0,0,none,0.0,none,0
STU0402,18,M,1,11.82,4.24,0.17,0.22,4,3.83,0.55,0.83,27.77,0,3,0.94,1,0,1,1,0,0,none,0.0,none,0
STU0403,18,M,0,11.02,5.45,0.02,0.04,3,4.49,0.7,0.74,31.3,0,2,0.72,2,0,0,0,0,0,none,0.0,none,0
STU0404,15,M,1,3.76,5.65,0.08,0.16,3,3.8,0.62,0.71,25.84,1,1,0.75,1,0,0,0,0,0,none,0.0,none,0
STU0405,16,M,1,8.99,5.07,0.25,0.18,3,3.08,0.66,0.4,20.5,0,2,0.91,1,0,1,0,0,0,none,0.0,none,0
STU0406,15,F,0,7.17,5.69,0.17,0.06,2,4.38,0.86,0.71,24.62,1,1,0.88,2,0,0,0,0,0,none,0.0,none,0
STU0407,17,M,0,6.6,6.53,0.3,0.26,3,2.68,0.53,0.71,22.75,0,3,0.97,2,0,1,0,0,0,none,0.0,none,0
STU0408,17,F,1,7.47,5.98,0.22,0.35,2,4.22,0.59,0.62,17.32,0,2,1.0,1,0,0,0,0,0,none,0.0,none,0
STU0409,14,M,1,45.99,41.47,0.97,0.72,20,2.0,0.25,0.16,1.69,4,7,0.21,1,1,5,1,1,9,peer_buddy,0.648325472330546,home_financial_stress,1
STU0410,15,M,1,4.7,8.55,0.11,0.14,7,3.17,0.49,0.81,6.0,0,3,0.73,2,0,0,0,0,0,none,0.0,none,0
STU0411,12,F,1,4.08,7.32,0.28,0.25,5,4.33,0.5,0.88,17.16,1,3,0.89,1,1,0,0,0,0,none,0.0,none,0
STU0412,15,F,1,5.18,7.94,0.11,0.15,1,3.2,0.51,0.84,16.41,1,1,0.75,2,0,1,0,0,0,none,0.0,none,0
STU0413,18,F,0,7.62,6.45,0.1,0.29,3,4.16,0.65,0.66,23.74,1,0,0.81,1,0,1,0,0,0,none,0.0,none,0
STU0414,16,M,0,9.69,4.07,0.33,0.18,5,4.54,0.63,0.66,19.27,1,2,0.8,2,0,1,0,0,0,none,0.0,none,0
STU0415,17,M,1,52.16,49.98,0.35,1.0,17,2.0500000000000003,0.020000000000000004,0.13,0.45,3,20,0.13,1,0,5,1,1,6,peer_buddy,0.6990067730688754,academic_struggle,1
STU0416,18,F,0,2.1,2.29,0.19,0.2,3,3.64,0.63,0.76,30.32,0,1,0.87,1,0,0,0,0,0,none,0.0,none,0
STU0417,18,F,0,2.46,6.34,0.25,0.32,4,4.61,0.66,0.77,32.0,0,1,0.79,1,0,1,0,0,0,none,0.0,none,0
STU0418,15,F,0,55.14,48.53,0.9299999999999999,0.83,19,2.17,0.19,0.09,0.0,3,8,0.06,2,1,4,1,0,0,none,0.0,home_financial_stress,1
STU0419,12,F,0,3.47,7.5,0.25,0.28,3,3.52,0.46,0.82,25.39,0,1,0.81,2,0,0,0,0,0,none,0.0,none,0
STU0420,16,M,1,12.83,4.3,0.24,0.16,2,3.99,0.67,1.0,20.53,0,2,0.68,2,0,1,0,0,0,none,0.0,none,0
STU0421,16,M,1,57.04,43.81,0.98,0.87,17,1.5899999999999999,0.23,0.06,0.92,4,19,0.18,1,1,2,1,1,4,peer_buddy,0.7644602668220141,home_financial_stress,1
STU0422,12,F,0,29.15,28.73,0.73,0.81,27,3.32,0.30000000000000004,0.13,0.0,3,9,0.1,2,1,4,0,0,0,none,0.0,home_financial_stress,1
STU0423,15,M,0,9.13,7.17,0.19,0.25,2,4.68,0.85,0.85,16.16,1,0,0.9,2,1,1,0,0,0,none,0.0,none,0
STU0424,18,M,0,34.19,43.76,0.7899999999999999,0.77,15,3.13,0.25,0.05,2.32,2,13,0.0,1,1,2,0,1,2,peer_buddy,0.7396861235869123,home_financial_stress,1
STU0425,15,M,1,53.9,26.8,0.78,0.92,16,1.0,0.21000000000000002,0.09,2.74,2,10,0.15,1,0,4,1,1,7,peer_buddy,0.5669934528520756,academic_struggle,1
STU0426,16,M,0,5.71,2.39,0.23,0.23,2,2.97,0.83,0.78,20.17,0,1,0.95,2,0,1,0,0,0,none,0.0,none,0
STU0427,14,F,1,6.46,4.33,0.37,0.07,3,5.62,0.65,0.7,19.14,0,3,0.67,1,1,2,0,0,0,none,0.0,none,0
STU0428,12,F,1,51.72,46.34,0.89,0.78,17,2.22,0.24000000000000002,0.15,3.71,3,7,0.14,2,1,8,1,0,0,none,0.0,home_financial_stress,1
STU0429,18,F,0,1.55,5.58,0.3,0.08,1,4.1,0.53,0.62,18.61,0,1,0.91,2,0,0,0,0,0,none,0.0,none,0
STU0430,16,M,0,6.75,9.99,0.45,0.25,3,4.43,0.76,0.68,36.36,1,2,0.9,2,0,1,0,0,0,none,0.0,none,0
STU0431,17,F,0,8.74,2.91,0.33,0.25,5,2.93,0.49,0.7,26.02,1,2,0.83,2,1,0,0,0,0,none,0.0,none,0
STU0432,13,M,0,52.05,35.88,0.7999999999999999,0.76,20,1.9900000000000002,0.27,0.2,2.37,3,17,0.12,2,0,1,1,1,10,counsellor,0.24719136890825955,home_financial_stress,1
STU0433,13,M,0,4.36,3.33,0.26,0.3,7,3.04,0.73,0.67,28.27,0,0,0.79,2,1,1,0,0,0,none,0.0,none,0
STU0434,15,M,0,5.14,6.49,0.18,0.08,5,4.08,0.82,0.69,14.96,1,1,0.76,2,0,2,1,0,0,none,0.0,none,0
STU0435,18,F,1,13.65,7.06,0.21,0.29,7,4.7,0.76,0.74,20.87,0,1,0.8,2,0,0,0,0,0,none,0.0,none,0
STU0436,15,F,1,1.73,5.47,0.17,0.25,1,4.37,0.89,0.56,23.52,0,2,0.85,1,0,0,0,0,0,none,0.0,none,0
STU0437,16,F,0,24.0,37.53,0.78,0.7,17,3.1,0.30000000000000004,0.07,2.07,5,16,0.15,1,0,3,0,1,5,counsellor,0.6498223313613589,home_financial_stress,1
STU0438,15,M,0,7.33,7.9,0.12,0.24,3,4.68,0.39,0.71,17.18,1,2,0.79,2,0,0,0,0,0,none,0.0,none,0
STU0439,17,M,0,8.85,6.49,0.08,0.18,3,4.14,0.43,0.61,21.49,1,0,0.84,2,1,1,0,0,0,none,0.0,none,0
STU0440,18,M,1,5.65,4.73,0.34,0.17,6,4.65,0.71,0.76,25.15,0,1,0.92,1,0,1,0,0,0,none,0.0,none,0
STU0441,17,M,0,2.65,8.47,0.19,0.16,3,4.4,0.78,0.89,19.12,0,1,0.87,1,0,0,1,0,0,none,0.0,none,0
STU0442,14,M,1,63.62,55.62,0.6,0.72,20,1.16,0.26,0.11,1.13,4,7,0.07,1,0,6,1,1,9,counsellor,0.28231057210286037,academic_struggle,1
STU0443,17,M,1,45.11,43.52,0.72,0.94,18,2.76,0.28,0.12,2.07,4,15,0.26,1,1,4,1,1,2,voice_message,0.7209003757588512,home_financial_stress,1
STU0444,16,M,0,58.6,46.52,0.69,0.95,25,1.8900000000000001,0.28,0.12,1.76,3,9,0.15,1,1,6,1,1,5,motivational_story,0.6043600154594433,home_financial_stress,1
STU0445,17,M,1,6.92,3.39,0.24,0.17,3,4.56,0.5,0.64,25.66,2,1,0.9,2,0,1,0,0,0,none,0.0,none,0
STU0446,17,M,0,3.85,4.82,0.22,0.11,4,3.28,0.78,1.0,15.11,1,1,0.93,2,0,0,1,0,0,none,0.0,none,0
STU0447,14,M,1,11.71,9.25,0.38,0.19,3,2.79,0.83,0.58,23.73,0,1,0.78,2,1,0,1,0,0,none,0.0,none,0
STU0448,16,F,1,8.78,7.93,0.3,0.21,3,3.51,0.61,0.79,31.63,0,1,0.85,2,0,1,0,0,0,none,0.0,none,0
STU0449,12,F,0,3.04,5.43,0.3,0.27,1,4.28,0.41,0.73,37.18,0,1,0.91,1,0,0,0,0,0,none,0.0,none,0
STU0450,13,F,1,4.67,5.04,0.22,0.24,3,4.25,0.85,0.85,23.53,1,1,0.88,1,0,2,0,0,0,none,0.0,none,0
STU0451,15,M,1,8.64,3.13,0.23,0.13,2,4.4,0.71,0.88,21.34,1,1,0.86,1,0,1,0,0,0,none,0.0,none,0
STU0452,18,M,1,4.2,4.69,0.14,0.15,2,3.49,0.67,0.76,14.71,1,1,0.72,1,1,1,0,0,0,none,0.0,none,0
STU0453,15,F,1,41.73,35.8,0.57,0.67,13,1.0,0.039999999999999994,0.1,1.73,5,8,0.23,2,1,4,1,1,5,peer_buddy,0.7150536290347567,academic_struggle,1
STU0454,14,M,1,5.77,6.85,0.23,0.06,5,4.2,0.82,0.77,30.81,1,3,0.89,2,0,1,0,0,0,none,0.0,none,0
STU0455,14,F,0,59.39,25.15,0.35,0.89,11,1.39,0.009999999999999995,0.01,2.04,4,10,0.0,1,0,3,0,1,3,parent_call,0.4891804005402547,academic_struggle,1
STU0456,18,M,1,0.5,2.5,0.19,0.21,2,2.74,0.55,0.77,26.65,0,2,0.88,2,0,0,0,0,0,none,0.0,none,0
STU0457,14,F,1,40.24,29.18,0.77,0.89,18,2.24,0.11,0.06,3.02,4,8,0.13,1,1,3,0,1,7,motivational_story,0.32922002690356644,academic_struggle,1
STU0458,18,M,1,6.14,7.12,0.35,0.16,3,2.56,0.36,0.82,21.96,1,0,0.89,1,0,2,0,0,0,none,0.0,none,0
STU0459,12,M,0,4.26,4.78,0.19,0.18,5,4.15,0.56,0.95,22.39,1,1,0.88,1,0,1,0,0,0,none,0.0,none,0
STU0460,15,F,0,0.5,10.03,0.3,0.17,1,4.28,0.66,0.76,23.53,1,3,0.9,1,0,0,0,0,0,none,0.0,none,0
STU0461,13,M,1,1.21,4.74,0.26,0.18,2,4.04,0.44,0.78,25.07,0,2,0.76,1,0,1,0,0,0,none,0.0,none,0
STU0462,12,M,0,7.84,4.04,0.09,0.06,0,3.59,0.61,0.64,31.95,1,1,0.71,1,0,1,1,0,0,none,0.0,none,0
STU0463,12,F,1,52.82,46.9,0.8099999999999999,0.82,18,2.25,0.19,0.1,2.0,5,16,0.32,1,1,3,1,1,10,peer_buddy,0.5192320636720678,home_financial_stress,1
STU0464,12,F,0,10.57,7.47,0.34,0.07,2,3.41,0.74,0.59,28.06,1,2,0.87,2,1,0,0,0,0,none,0.0,none,0
STU0465,14,F,1,60.38,25.14,0.88,0.89,18,2.73,0.21000000000000002,0.17,3.8,3,10,0.27,1,0,7,1,0,0,none,0.0,home_financial_stress,1
STU0466,13,M,0,5.95,4.05,0.2,0.1,5,2.92,0.63,0.59,26.56,0,1,0.92,2,0,1,0,0,0,none,0.0,none,0
STU0467,17,M,1,2.99,4.5,0.08,0.16,4,4.41,0.77,0.78,13.17,0,1,0.96,1,0,0,0,0,0,none,0.0,none,0
STU0468,16,F,0,5.42,6.44,0.3,0.19,1,5.71,0.59,0.74,31.25,0,1,0.87,2,0,0,0,0,0,none,0.0,none,0
STU0469,16,M,1,10.09,9.28,0.45,0.11,3,2.5,0.72,0.65,37.39,0,0,0.81,1,0,0,0,0,0,none,0.0,none,0
STU0470,17,M,1,49.76,56.12,0.94,0.77,14,1.5,0.19,0.09,0.51,3,12,0.13,1,1,3,1,1,5,motivational_story,0.5668654671966729,home_financial_stress,1
STU0471,14,M,1,6.77,4.21,0.17,0.12,4,4.69,0.62,0.72,10.41,0,1,1.0,1,0,0,0,0,0,none,0.0,none,0
STU0472,16,F,1,11.22,7.96,0.21,0.14,2,4.42,0.7,0.89,27.2,0,2,0.77,1,0,1,0,0,0,none,0.0,none,0
STU0473,14,M,1,6.51,8.31,0.1,0.24,1,3.11,0.57,0.61,17.62,0,2,0.82,1,0,0,0,0,0,none,0.0,none,0
STU0474,13,F,1,6.77,8.39,0.14,0.16,2,3.36,0.61,0.81,13.57,1,0,0.81,1,0,1,0,0,0,none,0.0,none,0
STU0475,15,M,0,4.84,6.77,0.21,0.03,4,4.17,0.71,1.0,6.0,1,1,0.87,1,0,1,0,0,0,none,0.0,none,0
STU0476,15,M,1,4.94,4.85,0.21,0.32,1,2.83,0.67,0.73,23.39,1,1,0.97,2,0,0,0,0,0,none,0.0,none,0
STU0477,17,M,0,8.15,3.2,0.08,0.24,5,2.74,0.78,0.72,30.73,0,0,0.84,2,1,1,1,0,0,none,0.0,none,0
STU0478,16,M,0,0.5,5.96,0.29,0.19,4,4.28,0.69,0.69,12.27,0,2,0.85,2,0,1,0,0,0,none,0.0,none,0
STU0479,17,M,0,38.08,37.74,0.89,0.89,14,2.9499999999999997,0.23,0.1,0.75,2,16,0.21,2,1,4,1,1,7,voice_message,0.5591990717224872,home_financial_stress,1
STU0480,18,F,0,6.88,5.53,0.14,0.14,2,3.33,0.64,0.63,27.46,1,1,0.87,1,0,1,0,0,0,none,0.0,none,0
STU0481,17,M,0,24.0,39.72,0.78,0.97,16,1.2,0.14,0.05,1.8,4,17,0.14,1,1,4,1,1,3,parent_call,0.3622017413243439,academic_struggle,1
STU0482,17,F,1,26.66,54.96,0.9199999999999999,0.79,19,1.6400000000000001,0.44999999999999996,0.11,1.61,4,14,0.17,1,1,3,1,1,6,motivational_story,0.5146468357135996,home_financial_stress,1
STU0483,16,F,0,7.44,8.99,0.16,0.16,5,4.24,0.8,0.75,12.74,0,0,0.9,1,0,1,0,0,0,none,0.0,none,0
STU0484,16,F,0,8.52,4.77,0.16,0.11,4,4.62,0.7,0.92,21.96,1,1,0.82,2,0,1,1,0,0,none,0.0,none,0
STU0485,17,M,0,7.36,9.41,0.14,0.1,2,2.93,0.81,0.91,24.56,1,2,0.84,1,0,1,0,0,0,none,0.0,none,0
STU0486,13,M,0,0.5,5.97,0.19,0.16,6,3.29,0.74,0.76,32.09,0,1,0.94,1,0,1,0,0,0,none,0.0,none,0
STU0487,12,M,0,9.8,5.95,0.09,0.27,4,2.5,0.65,0.53,16.68,0,2,0.86,1,0,0,0,0,0,none,0.0,none,0
STU0488,15,M,1,54.47,30.79,0.87,0.66,17,1.75,0.19,0.16,2.59,4,8,0.12,1,1,6,1,1,9,motivational_story,0.3441716913639905,home_financial_stress,1
STU0489,13,M,0,10.74,4.78,0.29,0.19,3,4.35,0.54,0.74,18.95,0,2,0.83,1,1,1,0,0,0,none,0.0,none,0
STU0490,12,F,0,6.05,7.59,0.28,0.16,3,3.39,0.51,0.76,11.81,0,1,0.89,1,0,2,0,0,0,none,0.0,none,0
STU0491,14,M,0,7.26,4.29,0.21,0.1,0,3.69,0.64,0.67,12.53,0,2,0.85,2,0,1,0,0,0,none,0.0,none,0
STU0492,13,M,0,9.27,4.5,0.04,0.2,3,4.2,0.61,0.73,34.12,1,1,0.81,1,0,1,0,0,0,none,0.0,none,0
STU0493,17,F,1,9.19,5.25,0.31,0.3,5,4.24,0.72,0.89,25.58,0,1,0.87,1,1,0,1,0,0,none,0.0,none,0
STU0494,17,M,1,60.91,40.21,0.7899999999999999,0.79,14,1.0,0.0,0.02,1.77,4,6,0.22,1,1,3,1,0,0,none,0.0,academic_struggle,1
STU0495,16,F,0,5.83,4.53,0.19,0.07,6,3.01,0.53,0.67,32.3,1,1,0.95,2,0,1,0,0,0,none,0.0,none,0
STU0496,15,F,1,42.13,50.44,0.9199999999999999,0.98,21,2.02,0.30000000000000004,0.16,2.32,4,16,0.24,1,0,6,1,1,3,motivational_story,0.6148709887589643,home_financial_stress,1
STU0497,15,M,1,3.46,8.5,0.26,0.2,2,2.5,0.52,0.95,11.76,1,2,0.75,2,0,1,0,0,0,none,0.0,none,0
STU0498,15,F,1,41.48,32.87,0.61,0.77,26,1.0,0.19,0.16,0.0,3,11,0.04,1,1,3,0,0,0,none,0.0,academic_struggle,1
STU0499,13,M,1,6.46,4.36,0.29,0.2,3,3.74,0.67,0.82,15.06,0,1,0.74,2,0,0,0,0,0,none,0.0,none,0
STU0500,12,M,1,50.81,24.44,0.63,0.88,8,1.69,0.2,0.04,3.17,4,9,0.15,1,1,5,1,1,6,parent_call,0.39010053914124115,academic_struggle,1
